Gender,Gestational_Age,Birth_Weight,Temperature,Heart_Rate,Respiratory_Rate,Oxygen_Saturation,Apgar_Score,Jaundice_Level,Feeding_Frequency,Urine_Count,Stool_Count,Risk
Female,39,2.53,37.1,156,24,94,8,4.3,8,3,4,At Risk
Male,38,3.72,37.0,124,47,95,9,4.9,8,4,5,Healthy
Male,37,2.91,37.0,146,48,97,10,4.1,7,3,4,Healthy
Female,36,2.65,37.0,153,49,95,8,5.3,8,7,3,Healthy
Male,38,3.26,37.0,113,40,96,7,4.4,11,3,4,Healthy
Male,38,3.42,37.0,154,40,96,9,4.6,5,3,2,Healthy
Male,38,3.48,36.7,142,50,96,9,3.5,7,4,1,Healthy
Female,38,3.36,,151,43,96,8,1.3,5,2,2,At Risk
Male,39,2.6,36.7,163,40,98,7,4.5,6,4,4,Healthy
Female,38,2.77,36.3,141,38,97,8,8.5,8,3,3,Healthy
Female,41,3.56,36.9,166,32,95,7,4.1,5,6,3,Healthy
Male,39,3.56,37.5,190,48,95,6,5.6,6,4,2,At Risk
Male,38,3.69,36.9,137,33,93,8,4.9,12,5,4,Healthy
Male,36,2.7,37.5,125,52,95,9,5.8,8,5,2,Healthy
Female,37,2.43,36.4,143,59,97,8,,11,5,2,Healthy
Female,41,3.2,36.4,115,60,100,8,4.2,11,3,2,Healthy
Female,37,3.1,36.7,146,58,97,9,0.5,8,3,1,Healthy
Female,40,2.37,36.8,131,40,99,9,7.9,8,4,3,Healthy
Male,38,2.5,36.8,144,69,100,7,4.4,5,4,3,At Risk
Female,37,2.74,36.0,137,33,95,7,4.8,4,2,6,At Risk
Male,35,2.5,37.4,190,32,96,9,8.8,6,5,4,At Risk
Female,37,3.03,36.3,135,41,97,8,6.0,10,5,4,Healthy
Female,38,2.7,36.9,138,64,100,9,3.3,6,7,3,Healthy
Male,40,3.35,36.4,131,46,97,8,4.8,7,5,5,Healthy
Female,38,3.2,36.9,133,26,97,10,1.6,10,4,3,Healthy
Male,41,3.42,37.4,161,48,100,9,6.8,7,5,2,Healthy
Female,36,3.53,36.7,161,51,100,9,1.5,8,3,2,Healthy
Male,37,2.54,36.8,118,37,97,10,6.3,3,6,3,Healthy
Male,41,1.97,36.6,150,28,99,9,6.9,7,7,5,At Risk
Male,38,3.25,36.5,137,42,97,9,2.7,8,8,2,Healthy
Female,38,3.56,36.8,163,52,98,9,10.1,8,1,5,At Risk
Male,38,3.82,36.2,117,27,95,9,6.2,9,2,0,At Risk
Male,38,2.84,37.0,152,45,98,8,6.2,7,5,3,Healthy
Female,39,2.95,36.8,154,24,94,6,0.5,7,6,3,At Risk
Female,38,3.7,37.3,138,57,97,7,3.7,5,3,2,Healthy
Male,35,3.32,36.4,148,42,93,9,3.7,7,3,2,At Risk
Female,39,3.0,36.9,146,57,96,6,7.3,7,7,4,Healthy
Male,42,4.24,36.8,142,54,95,9,4.9,9,3,1,Healthy
Female,36,2.85,,174,55,95,9,4.1,7,5,4,At Risk
Male,40,2.47,36.8,186,46,99,8,6.3,8,5,2,At Risk
Female,39,2.63,37.0,159,47,96,9,4.3,10,1,2,Healthy
Male,41,3.59,36.5,112,20,95,10,6.0,7,6,1,Healthy
Male,38,3.05,37.1,146,50,95,9,8.6,6,3,5,Healthy
Female,37,3.9,36.8,144,59,96,7,4.0,9,2,4,Healthy
Male,40,1.78,36.5,109,35,97,8,4.4,8,5,1,At Risk
Male,39,3.31,37.0,145,64,96,8,3.3,6,3,2,Healthy
Female,39,3.13,36.5,156,51,96,7,6.2,8,2,3,Healthy
Female,38,2.3,37.3,162,41,97,5,2.5,7,3,4,At Risk
Male,42,2.45,36.5,144,60,94,8,9.0,5,2,2,At Risk
Female,40,3.23,36.2,149,38,99,7,3.6,9,7,4,Healthy
Female,39,2.53,36.9,114,48,95,7,6.6,8,4,5,At Risk
Male,39,2.76,37.0,130,39,99,7,0.5,11,10,2,Healthy
Male,37,2.94,36.7,119,49,98,6,6.5,12,5,2,Healthy
Female,35,3.19,36.7,173,42,100,7,6.3,9,3,3,At Risk
Male,40,2.92,36.2,139,34,96,8,1.2,5,6,2,At Risk
Male,40,3.25,36.6,116,52,97,10,5.9,9,5,4,Healthy
Male,41,2.81,36.6,131,51,99,8,4.1,9,5,4,Healthy
Male,36,1.82,36.5,123,41,99,8,2.7,8,7,2,At Risk
Female,36,3.41,36.7,151,43,98,7,5.0,8,3,1,Healthy
Female,36,3.05,37.2,98,29,95,10,5.6,10,3,1,At Risk
Female,39,3.13,37.0,136,46,97,9,6.8,5,1,5,At Risk
Male,36,2.08,36.8,156,61,98,8,3.0,8,4,1,At Risk
Male,42,4.08,37.2,123,52,98,9,7.7,9,6,4,Healthy
Female,38,2.79,36.4,170,61,99,9,8.0,8,5,1,Healthy
Female,38,2.38,36.8,138,61,98,8,,8,5,1,At Risk
Female,37,2.41,37.0,147,26,96,9,7.3,10,5,2,At Risk
Female,36,3.29,36.9,163,54,96,7,4.3,8,5,2,Healthy
Male,37,3.27,36.7,144,46,94,8,8.2,6,1,0,At Risk
Male,38,3.12,36.8,161,20,97,10,2.5,7,3,2,Healthy
Female,42,2.92,37.5,140,61,96,8,5.8,14,7,2,Healthy
Female,37,2.83,37.1,140,46,97,9,5.9,4,6,2,Healthy
Female,38,2.72,37.1,115,39,95,8,5.6,6,6,3,Healthy
Male,34,3.09,36.7,138,43,97,9,2.6,6,3,3,Healthy
Female,33,2.16,36.5,129,39,97,8,7.3,7,3,4,At Risk
Male,35,3.31,36.8,137,59,95,10,4.5,5,5,1,At Risk
Female,39,3.41,36.6,157,55,99,9,8.0,4,4,2,Healthy
Female,37,3.01,37.5,136,48,96,8,5.0,9,7,5,Healthy
Female,36,3.05,37.1,155,46,98,9,7.6,9,4,4,Healthy
Male,39,1.2,36.2,148,48,94,7,8.0,7,9,3,At Risk
Male,41,3.17,36.4,138,43,94,8,3.4,10,5,3,Healthy
Female,38,3.44,36.5,121,55,96,6,6.0,9,2,3,At Risk
Male,39,3.45,36.3,145,40,96,9,8.3,12,8,3,Healthy
Female,40,3.17,36.8,154,43,95,8,6.4,8,6,4,Healthy
Male,39,2.42,37.3,130,27,94,7,5.1,7,4,4,At Risk
Male,39,3.27,36.9,151,22,96,6,5.1,8,7,5,At Risk
Female,37,3.37,36.6,139,53,95,9,6.5,6,7,4,Healthy
Male,36,2.63,36.6,149,34,97,7,4.6,8,10,1,Healthy
Female,39,3.17,37.0,137,58,96,10,3.6,8,3,4,Healthy
Male,38,2.99,36.4,135,28,95,8,7.9,14,4,5,Healthy
Female,39,3.13,36.8,132,30,93,9,4.4,7,5,4,Healthy
Female,37,3.77,37.4,148,53,99,10,6.4,9,6,1,Healthy
Male,36,3.82,,166,41,94,8,5.2,8,7,2,At Risk
Female,39,2.56,37.0,140,36,96,8,4.4,12,5,3,Healthy
Male,37,2.72,37.3,137,56,97,8,4.8,8,8,0,Healthy
Female,37,3.11,37.0,148,40,99,9,5.4,10,6,2,Healthy
Female,38,3.91,35.9,114,32,96,8,1.7,6,3,7,Healthy
Female,37,2.9,36.4,105,42,95,8,1.5,6,5,4,Healthy
Male,40,2.66,37.0,139,30,96,9,6.3,8,8,5,Healthy
Male,40,4.16,37.5,117,34,99,7,2.1,7,6,3,Healthy
Male,37,2.62,37.6,145,52,96,8,3.4,3,2,0,At Risk
Female,34,2.44,37.3,139,56,97,9,3.0,9,6,2,At Risk
Male,39,2.8,36.4,118,44,97,7,5.1,9,6,5,Healthy
Female,36,4.03,36.6,158,44,96,6,4.6,5,7,5,At Risk
Female,39,2.7,36.6,153,43,100,8,7.2,8,7,2,Healthy
Male,38,2.64,37.0,151,49,100,10,4.2,9,4,3,Healthy
Female,39,2.98,37.2,100,23,98,8,5.6,5,5,6,At Risk
Male,40,3.19,36.6,132,22,97,9,1.5,7,3,2,Healthy
Male,33,3.44,37.1,135,20,95,10,0.5,7,3,4,At Risk
Male,37,3.32,37.0,173,41,97,6,7.6,6,4,3,At Risk
Male,38,3.63,36.9,111,42,98,6,2.6,10,6,4,Healthy
Female,39,3.46,37.7,136,36,97,9,3.8,6,10,3,Healthy
Male,38,2.96,37.0,116,47,100,9,4.2,7,4,3,Healthy
Male,40,2.15,37.1,133,47,94,10,7.7,10,2,4,At Risk
Male,35,3.09,36.9,150,45,97,10,7.7,3,4,3,At Risk
Female,34,3.15,37.2,120,47,95,7,8.3,7,6,0,At Risk
Male,39,3.0,37.0,114,55,96,8,3.9,7,6,3,Healthy
Male,38,3.38,36.7,180,28,99,10,3.1,12,7,4,At Risk
Female,38,2.98,36.9,165,45,95,9,7.0,9,6,3,Healthy
Female,36,2.2,36.9,138,39,91,7,7.5,7,6,1,At Risk
Female,38,3.26,37.6,167,40,95,8,6.1,8,4,5,Healthy
Female,42,3.15,37.4,146,53,95,7,6.0,10,5,1,Healthy
Female,34,3.16,37.2,139,21,96,8,9.6,5,4,6,At Risk
Female,39,3.41,36.8,145,51,95,9,2.0,9,5,2,Healthy
Female,36,2.91,36.4,145,32,98,7,3.8,7,8,3,Healthy
Female,39,1.94,36.8,175,45,97,9,7.0,4,2,3,At Risk
Male,41,2.93,36.1,117,20,96,8,4.1,10,7,3,At Risk
Male,34,3.44,37.0,145,53,94,10,2.9,9,2,2,At Risk
Male,37,3.56,36.9,138,57,96,6,3.2,9,6,1,Healthy
Male,37,2.9,36.3,128,36,98,9,4.7,7,5,2,Healthy
Male,37,2.46,36.9,153,28,97,8,5.8,8,2,1,At Risk
Female,38,3.67,36.0,146,55,96,9,3.5,8,2,0,At Risk
Female,36,2.85,36.3,114,42,95,9,6.0,9,5,5,Healthy
Male,38,3.72,37.2,114,40,99,9,5.4,8,4,3,Healthy
Female,38,2.73,37.0,190,26,97,7,6.3,8,7,5,At Risk
Female,38,3.72,36.0,168,47,99,7,3.2,8,5,3,Healthy
Male,40,3.1,36.7,113,49,92,9,1.7,8,5,5,Healthy
Female,37,2.82,37.2,149,40,96,6,5.9,4,7,3,At Risk
Male,36,3.04,37.4,161,37,97,8,5.6,7,5,1,Healthy
Female,39,2.97,36.2,157,47,95,8,1.7,6,4,5,Healthy
Female,37,3.24,36.8,155,38,93,7,3.8,6,6,2,Healthy
Female,35,3.21,36.4,131,45,92,8,9.2,7,6,5,At Risk
Male,37,1.85,37.0,137,33,97,7,3.8,9,2,5,At Risk
Female,35,2.74,37.5,160,44,95,8,5.2,8,5,3,Healthy
Male,37,3.6,36.3,136,35,97,8,8.3,9,2,4,Healthy
Female,37,3.27,36.6,156,36,95,7,3.8,10,6,6,Healthy
Male,38,2.45,36.5,128,33,94,8,2.3,10,3,7,At Risk
Female,37,3.14,36.3,170,55,97,7,5.5,6,8,4,Healthy
Male,36,3.48,37.2,159,28,97,9,1.4,8,6,3,At Risk
Female,34,2.92,36.7,137,38,96,8,6.0,7,4,3,Healthy
Female,38,3.12,37.1,104,24,97,8,5.4,7,6,4,At Risk
Male,39,2.96,36.1,153,56,98,7,6.5,10,8,2,Healthy
Male,38,2.49,36.9,150,44,97,8,8.3,6,4,3,Healthy
Female,35,2.38,36.1,140,32,96,9,3.6,8,4,4,At Risk
Female,37,3.01,37.2,147,30,98,7,8.1,10,6,3,Healthy
Male,39,2.9,36.9,155,38,95,7,2.7,4,6,6,Healthy
Female,39,3.88,36.6,141,23,97,7,5.4,5,6,5,At Risk
Male,36,2.47,36.0,135,38,93,9,4.0,6,4,5,At Risk
Male,38,3.44,36.4,140,45,96,9,3.3,9,6,0,Healthy
Male,32,2.76,37.2,134,29,94,9,0.8,10,5,1,At Risk
Male,36,3.58,37.1,109,39,95,10,2.0,11,5,1,At Risk
Female,37,2.66,36.4,141,31,92,8,1.0,6,3,2,Healthy
Female,38,2.12,36.6,143,33,98,7,4.4,7,5,2,Healthy
Female,38,2.7,37.0,144,43,96,9,4.5,7,5,6,Healthy
Female,34,3.22,37.4,148,45,95,8,4.4,6,4,3,Healthy
Male,36,2.35,36.9,149,46,98,8,5.9,9,5,2,At Risk
Male,37,2.73,37.0,144,29,99,8,2.6,10,6,1,Healthy
Male,39,3.09,37.4,142,43,95,9,6.0,8,3,3,Healthy
Male,35,3.41,35.9,143,39,99,8,6.5,7,5,4,At Risk
Female,37,3.65,36.5,145,53,98,10,3.3,5,3,4,Healthy
Female,36,3.52,36.4,160,72,97,9,3.9,4,4,1,At Risk
Male,35,4.05,36.9,146,40,96,9,4.9,9,5,2,Healthy
Female,37,3.13,36.3,139,44,92,7,5.9,9,3,3,Healthy
Male,40,3.05,36.6,128,48,97,9,5.3,10,5,4,Healthy
Female,34,3.95,36.9,109,36,98,8,3.9,11,3,2,At Risk
Male,38,3.31,37.0,156,45,97,8,5.1,8,5,4,Healthy
Female,36,3.14,36.8,143,66,95,9,7.4,8,10,2,At Risk
Female,39,2.66,36.7,144,52,97,10,4.8,7,10,4,Healthy
Male,36,3.62,36.7,142,43,98,7,2.6,8,6,3,Healthy
Female,39,2.69,36.6,123,57,98,9,7.7,14,2,2,Healthy
Female,36,2.94,36.4,146,44,97,9,6.3,7,9,3,Healthy
